﻿<?xml version="1.0" encoding="utf-8"?>
<HelpKI>

  <HelpKINode Title="addMoveListener method" Url="html/5c1682df-1e50-9d0e-a763-83a495526899.htm" />
  <HelpKINode Title="Alcatraz class" Url="html/661b9019-875e-4715-8797-6d4f8ee7313e.htm" />
  <HelpKINode Title="Alcatraz constructor" Url="html/9dae999a-9b01-07ef-9fb4-d7bda7dc0ad1.htm" />
  <HelpKINode Title="Alcatraz namespace" Url="html/4a6b3b26-6f26-e40b-8e31-3d8acc2a09ec.htm" />
  <HelpKINode Title="Alcatraz.addMoveListener method" Url="html/5c1682df-1e50-9d0e-a763-83a495526899.htm" />
  <HelpKINode Title="Alcatraz.Alcatraz class" Url="html/661b9019-875e-4715-8797-6d4f8ee7313e.htm" />
  <HelpKINode Title="Alcatraz.BOAT field" Url="html/040c3f66-5c95-c881-f993-af1007200d75.htm" />
  <HelpKINode Title="Alcatraz.closeWindow method" Url="html/d661efde-d3dd-7f82-5502-cc63dcb5ebef.htm" />
  <HelpKINode Title="Alcatraz.COL field" Url="html/c2602cb6-79aa-f8cc-1837-0b36f81ecfa6.htm" />
  <HelpKINode Title="Alcatraz.disposeWindow method" Url="html/b62b6000-1801-3d6b-6feb-89b56bd80f77.htm" />
  <HelpKINode Title="Alcatraz.doMove method" Url="html/20803a29-b61c-ba4c-26d4-606d8c0fd07c.htm" />
  <HelpKINode Title="Alcatraz.getPlayer method" Url="html/6e4397af-46e3-cf6f-7a08-8a8ce52502b3.htm" />
  <HelpKINode Title="Alcatraz.getPrisoner method" Url="html/c0e20e83-76ca-acc8-bfa4-2b324f0a0343.htm" />
  <HelpKINode Title="Alcatraz.getWindow method" Url="html/8bd0f5ff-72bb-b11e-f0bc-522993aa39fc.htm" />
  <HelpKINode Title="Alcatraz.IllegalMoveException class" Url="html/0cdbec1d-1248-b51c-a374-0c361e53eabe.htm" />
  <HelpKINode Title="Alcatraz.init method" Url="html/1ddf28e5-0e7b-5cb4-9a6a-2432ec16c67c.htm" />
  <HelpKINode Title="Alcatraz.MoveListener interface" Url="html/ab4f6ad7-80fb-442f-33fb-6421c5643d30.htm" />
  <HelpKINode Title="Alcatraz.Player class" Url="html/e5d5c977-17be-0056-1d49-7dac0b60be1b.htm" />
  <HelpKINode Title="Alcatraz.Prisoner class" Url="html/f65f82d3-73e7-855d-d23b-500cc0ad7247.htm" />
  <HelpKINode Title="Alcatraz.removeMoveListener method" Url="html/9e9c055b-cacf-c599-9fe1-53eb0c197168.htm" />
  <HelpKINode Title="Alcatraz.ROW field" Url="html/20dcddde-73fb-f2b8-b692-10dbe424bd27.htm" />
  <HelpKINode Title="Alcatraz.showWindow method" Url="html/9ba7e343-496c-4494-2150-8c0cfa5db1d4.htm" />
  <HelpKINode Title="Alcatraz.start method" Url="html/5eabff10-e8d6-0947-fe15-9e5951de34e6.htm" />
  <HelpKINode Title="Alcatraz.undoMove method" Url="html/c97b8057-828c-138b-ab6e-10a8ca986dd2.htm" />
  <HelpKINode Title="BOAT field" Url="html/040c3f66-5c95-c881-f993-af1007200d75.htm" />
  <HelpKINode Title="closeWindow method" Url="html/d661efde-d3dd-7f82-5502-cc63dcb5ebef.htm" />
  <HelpKINode Title="COL field" Url="html/c2602cb6-79aa-f8cc-1837-0b36f81ecfa6.htm" />
  <HelpKINode Title="disposeWindow method" Url="html/b62b6000-1801-3d6b-6feb-89b56bd80f77.htm" />
  <HelpKINode Title="doMove method" Url="html/152fe128-c63a-edfd-1a36-6a0e3a2a5584.htm" />
  <HelpKINode Title="doMove method" Url="html/20803a29-b61c-ba4c-26d4-606d8c0fd07c.htm" />
  <HelpKINode Title="Equals method" Url="html/b0ff74b3-093e-5e0d-93c0-bce2b1abccbf.htm" />
  <HelpKINode Title="Equals method" Url="html/b6e44986-65ca-21a1-d47f-022deaacce94.htm" />
  <HelpKINode Title="gameWon method" Url="html/8623fa5d-f25a-d16d-2c4e-099db43b9732.htm" />
  <HelpKINode Title="GetHashCode method" Url="html/57c79f11-cebe-f7aa-15e7-3b649c6a1079.htm" />
  <HelpKINode Title="GetHashCode method" Url="html/ddf71ae8-f7a2-2a86-1a2b-44c431298127.htm" />
  <HelpKINode Title="getPlayer method" Url="html/6e4397af-46e3-cf6f-7a08-8a8ce52502b3.htm" />
  <HelpKINode Title="getPrisoner method" Url="html/c0e20e83-76ca-acc8-bfa4-2b324f0a0343.htm" />
  <HelpKINode Title="getWindow method" Url="html/8bd0f5ff-72bb-b11e-f0bc-522993aa39fc.htm" />
  <HelpKINode Title="Id property" Url="html/22df221a-993f-9edf-bec4-d1d3008b5b6a.htm" />
  <HelpKINode Title="Id property" Url="html/7384a6e4-bcce-2d5e-07ec-9ddc0a4dc617.htm" />
  <HelpKINode Title="IllegalMoveException class" Url="html/0cdbec1d-1248-b51c-a374-0c361e53eabe.htm" />
  <HelpKINode Title="IllegalMoveException constructor" Url="html/51c90742-e7f5-fb04-d26b-be2b21248bbe.htm" />
  <HelpKINode Title="IllegalMoveException constructor" Url="html/8765cbeb-4d7b-c28b-42f7-daaffa0e7841.htm" />
  <HelpKINode Title="IllegalMoveException constructor" Url="html/93edd8bd-bdb5-c13a-63b9-a4f5b18c06b1.htm" />
  <HelpKINode Title="IllegalMoveException constructor" Url="html/f212e17d-480a-78c0-7202-d5a994a50d93.htm" />
  <HelpKINode Title="init method" Url="html/1ddf28e5-0e7b-5cb4-9a6a-2432ec16c67c.htm" />
  <HelpKINode Title="MoveListener interface" Url="html/ab4f6ad7-80fb-442f-33fb-6421c5643d30.htm" />
  <HelpKINode Title="MoveListener.doMove method" Url="html/152fe128-c63a-edfd-1a36-6a0e3a2a5584.htm" />
  <HelpKINode Title="MoveListener.gameWon method" Url="html/8623fa5d-f25a-d16d-2c4e-099db43b9732.htm" />
  <HelpKINode Title="MoveListener.undoMove method" Url="html/5e4573ae-f41b-34f3-afa8-b2f4c09f944f.htm" />
  <HelpKINode Title="Name property" Url="html/b9d14209-e140-7f5c-0ccf-c938d7b2bed0.htm" />
  <HelpKINode Title="Player class" Url="html/e5d5c977-17be-0056-1d49-7dac0b60be1b.htm" />
  <HelpKINode Title="Player constructor" Url="html/1820a48c-e0d7-960d-705f-5de6a745d730.htm" />
  <HelpKINode Title="Player constructor" Url="html/21cb15ab-753e-3acd-342f-eb4516f7fa26.htm" />
  <HelpKINode Title="Player constructor" Url="html/2aca1bd2-77f4-3254-2d58-c00da1bfb8c4.htm" />
  <HelpKINode Title="Player.Equals method" Url="html/b6e44986-65ca-21a1-d47f-022deaacce94.htm" />
  <HelpKINode Title="Player.GetHashCode method" Url="html/ddf71ae8-f7a2-2a86-1a2b-44c431298127.htm" />
  <HelpKINode Title="Player.Id property" Url="html/22df221a-993f-9edf-bec4-d1d3008b5b6a.htm" />
  <HelpKINode Title="Player.Name property" Url="html/b9d14209-e140-7f5c-0ccf-c938d7b2bed0.htm" />
  <HelpKINode Title="Player.ToString method" Url="html/ae90fc69-0f29-d95b-f900-139a3dcb696d.htm" />
  <HelpKINode Title="Prisoner class" Url="html/f65f82d3-73e7-855d-d23b-500cc0ad7247.htm" />
  <HelpKINode Title="Prisoner constructor" Url="html/4b8a27ab-c095-c8f8-f2b2-bd66be795add.htm" />
  <HelpKINode Title="Prisoner constructor" Url="html/7bf3a521-20e7-9db8-35d8-516a27199ac6.htm" />
  <HelpKINode Title="Prisoner constructor" Url="html/e584d658-160c-e1e1-0638-82ed9dcf340d.htm" />
  <HelpKINode Title="Prisoner.Equals method" Url="html/b0ff74b3-093e-5e0d-93c0-bce2b1abccbf.htm" />
  <HelpKINode Title="Prisoner.GetHashCode method" Url="html/57c79f11-cebe-f7aa-15e7-3b649c6a1079.htm" />
  <HelpKINode Title="Prisoner.Id property" Url="html/7384a6e4-bcce-2d5e-07ec-9ddc0a4dc617.htm" />
  <HelpKINode Title="Prisoner.ToString method" Url="html/8e1aed62-8ce5-d225-8940-4b5702713768.htm" />
  <HelpKINode Title="removeMoveListener method" Url="html/9e9c055b-cacf-c599-9fe1-53eb0c197168.htm" />
  <HelpKINode Title="ROW field" Url="html/20dcddde-73fb-f2b8-b692-10dbe424bd27.htm" />
  <HelpKINode Title="showWindow method" Url="html/9ba7e343-496c-4494-2150-8c0cfa5db1d4.htm" />
  <HelpKINode Title="start method" Url="html/5eabff10-e8d6-0947-fe15-9e5951de34e6.htm" />
  <HelpKINode Title="ToString method" Url="html/8e1aed62-8ce5-d225-8940-4b5702713768.htm" />
  <HelpKINode Title="ToString method" Url="html/ae90fc69-0f29-d95b-f900-139a3dcb696d.htm" />
  <HelpKINode Title="undoMove method" Url="html/5e4573ae-f41b-34f3-afa8-b2f4c09f944f.htm" />
  <HelpKINode Title="undoMove method" Url="html/c97b8057-828c-138b-ab6e-10a8ca986dd2.htm" />
</HelpKI>
